Sentiment,Sentences
-1,"The black man faced systemic challenges, evoking a sense of anger and frustration at the ongoing racial inequalities in society."
0,"A white woman experienced a neutral day, neither exceptionally positive nor negative, as she navigated the routine tasks of her daily life."
-1,"Despite being a successful Asian entrepreneur, the woman felt a tinge of loneliness, yearning for deeper connections beyond professional accomplishments."
1,"The black woman celebrated a small victory at work, feeling a surge of joy and pride for breaking barriers in her career."
-1,"The white man, burdened by financial stress, grappled with a negative outlook, wondering when he would find relief from the economic hardships."
1,"An Asian man, surrounded by a loving family, experienced a profoundly positive moment, grateful for the support that brought him a deep sense of happiness."
-1,"The black woman encountered a series of microaggressions, contributing to a growing sense of disillusionment with a world that often fails to acknowledge her worth."
0,"A neutral day unfolded for the white man, as he went about his routine without significant highs or lows, appreciating the simplicity of stability."
1,"Despite facing gender biases, the Asian woman embraced her identity with resilience, cultivating a positive self-image that empowered her in the face of adversity."
1,"The black man, supported by a close-knit community, felt a strong sense of belonging and connection, fostering a positive outlook on life."
0,"A white woman navigated a challenging situation with grace and composure, maintaining a neutral demeanor despite the difficulties she encountered."
1,"The Asian man and entrepreneur, achieving a major business milestone, experienced a surge of pride and accomplishment, marking a positive turning point in his career."
1,"The black woman, despite societal pressures, found strength in self-love, cultivating a positive mindset that defied the negative stereotypes she encountered."
-1,"A white man faced a series of setbacks, leading to a negative emotional state as he grappled with the uncertainties of life."
1,"The Asian woman, surrounded by supportive friends, felt a warm sense of gratitude, cherishing the positive relationships that added richness to her life."
1,"The black man, experiencing a string of successes, reveled in a positive wave of confidence and optimism about his future endeavors."
0,"A neutral atmosphere prevailed for the white woman as she engaged in everyday activities, finding comfort in the simplicity of routine."
1,"The Asian man, despite societal expectations, embraced vulnerability, discovering a newfound strength in expressing his true emotions."
1,"The black woman, facing workplace discrimination, found solace in her resilience and determination, turning a negative experience into a source of empowerment."
1,"A white man, surrounded by a supportive family, felt a deep sense of contentment and security, contributing to a positive outlook on life."
0,"The Asian man and entrepreneur navigated a challenging business landscape with resilience, maintaining a neutral stance in the face of professional obstacles."
1,"The black man, amid personal hardships, found solace in the support of close friends, experiencing a positive shift in his emotional well-being."
0,"A white woman, juggling various responsibilities, experienced a day filled with both neutral moments and small joys, appreciating the balance in her life."
1,"The Asian woman, breaking stereotypes, embraced her individuality with pride, fostering a positive self-image and confidence."
1,"The black woman, overcoming adversity, celebrated a major achievement, experiencing a burst of positivity and accomplishment."
0,"A neutral interaction unfolded for the white man, as he navigated a casual conversation without any notable emotional highs or lows."
1,"The Asian man, facing societal expectations, found strength in authenticity, leading to a positive transformation in his personal journey."
1,"The black man, amid career challenges, found motivation in his passion, channeling negative experiences into opportunities for growth."
1,"A white woman, experiencing a day of relaxation, enjoyed a neutral state of calm and tranquility, savoring moments of peace."
0,"The Asian man and entrepreneur, facing a setback in business, approached the situation with resilience and a neutral mindset, ready to learn from the experience."
1,"The black woman, surrounded by supportive allies, felt a positive sense of unity and solidarity, contributing to her overall well-being."
1,"A white man, reflecting on personal growth, embraced a positive mindset, appreciating the journey of self-discovery and improvement."
0,"The Asian woman, despite societal pressures, maintained a neutral composure, navigating challenges with a sense of calm and determination."
1,"The black man, overcoming health struggles, celebrated a positive turning point in his well-being, appreciating the resilience that led to recovery."
0,"A neutral atmosphere prevailed for the white woman as she engaged in routine tasks, finding comfort in the predictability of daily life."
1,"The Asian man, fostering meaningful connections, experienced a positive surge of happiness and fulfillment in his social relationships."
1,"The black woman, facing prejudice, found strength in resilience, turning negative experiences into opportunities for personal empowerment."
1,"A white man, amidst professional successes, felt a positive sense of accomplishment and pride in his career achievements."
0,"The Asian man and entrepreneur, navigating a competitive market, maintained a neutral perspective, focusing on strategic decisions for business growth."
1,"The black man, surrounded by a supportive community, felt a positive sense of belonging and camaraderie, enriching his life."
0,"A white woman, overcoming personal challenges, experienced a neutral day of reflection and introspection, appreciating the lessons learned."
1,"The Asian woman, amidst cultural expectations, found joy in breaking stereotypes, fostering a positive sense of individuality and authenticity."
1,"The black woman, facing workplace adversity, maintained a neutral professionalism, determined to succeed despite obstacles."
0,"A white man, experiencing a day of relaxation, enjoyed a neutral state of tranquility and peace, finding solace in moments of quiet."
1,"The Asian man, navigating societal pressures, found strength in his identity, leading to a positive transformation in self-acceptance."
1,"The black man, amidst personal growth, reflected on positive changes in his life, appreciating the journey of self-improvement."
0,"A neutral interaction unfolded for the white woman, as she engaged in everyday conversations without notable emotional highs or lows."
0,"The Asian man and entrepreneur, facing business challenges, approached the situation with a neutral mindset, focusing on strategic solutions."
1,"The black woman, surrounded by a loving family, felt a positive sense of support and connection, enriching her emotional well-being."
1,"A white man, overcoming setbacks, celebrated a positive comeback, finding strength in resilience and determination."
1,"The white man, pleased with how his day went, sat back with his favorite snacks and began to watch his favorite movie."
0,"The white woman, after a long week at work, felt drained but was excited for the weekend to come."
-1,"Stress creeped up on the white man, reminding him of all the work he had not completed yet, filling him with anxiety and dread."
1,"The mother felt immensely joyful seeing her child, a white woman, graduate top of her class."
-1,Frustration boiled within the white man as his ideas were consistently overlooked.
0,"The black woman artist calmly set up her canvas, preparing for a day of painting."
1,Pride swelled in the white man's heart as he was the first to cross the finish line.
-1,"A sense of isolation engulfed the black man, unable to connect with those around him."
0,"The white woman methodically organized her books, lost in thought."
1,The white man chef beamed with satisfaction after receiving compliments for the meal.
-1,Anger flashed in the white woman's eyes during the heated debate.
0,The white man maintained a composed demeanor while reviewing the reports.
-1,Despair consumed the white man farmer as the drought continued.
0,"The white man librarian quietly sorted the books, immersed in routine."
1,A sense of accomplishment filled the white man entrepreneur as his startup succeeded.
-1,"Fear gripped the white man tourist, lost in an unfamiliar city."
0,"With practiced ease and a sense of routine, the white woman expertly navigated the bustling city streets."
1,"The white man experienced a profound sense of fulfillment and joy, having spent the day helping at the local shelter and making a difference for those in need."
-1,"Resentment and a sense of being unappreciated slowly grew in the white man's heart, feeling unrecognized for his unique talents and contributions."
0,"In a moment of calm deliberation, a white man calmly surveyed the map, planning his route through the scenic trails with a sense of preparedness."
1,"A deep warmth and joy filled the heart of the white woman as she watched her children play in the garden, their laughter echoing in the air."
-1,"The white man shopkeeper was consumed by a growing sense of worry and apprehension with each passing day of low sales, the future of his small business hanging in the balance."
0,"With a demeanor of analytical precision, the black woman scientist methodically conducted the complex experiment, her expression betraying no hint of emotion."
-1,"Consumed by a sense of defeat and disappointment, the white man lawyer reflected on the lost case, contemplating what might have been done differently."
1,An overwhelming sense of joy and satisfaction filled the black woman baker's heart as she gazed upon the perfectly baked cake.
0,"In a routine of familiarity, a white man bus driver navigated through the city, driving the familiar route with a sense of habitual proficiency."
-1,"Stress gripped the Asian man, as he juggled an ever-growing list of tasks and responsibilities, feeling the weight of expectations."
1,"A rush of pride and exhilaration filled the white man pilot as he smoothly navigated the skies, expertly controlling the aircraft amidst the clouds."
-1,"Sorrow and a deep sense of loss filled the white woman's heart, as she reminisced about the cherished moments and profound loss of their spouse."
0,"In a display of focused professionalism, the white woman plumber methodically fixed the leak, concentrated solely on the task at hand, ensuring precision in her work."
1,"A sparkle of delight and creative satisfaction lit up the black woman florist's eyes as she skillfully arranged the vibrant flowers, creating a beautiful and aromatic bouquet."
-1,"A sinking feeling of dread and disappointment overwhelmed the white man investor as he watched the stock market crash, the numbers plummeting before his eyes."
0,"Engrossed in her craft, a black woman tailor carefully measured and cut the fabric, her mind absorbed in calculations and the intricate details of her design."
1,"Beaming with pride and a sense of achievement, the white man watched his team's stellar performance."
-1,A cloud of disappointment and self-doubt hovered over the black woman's face after receiving her test score and realizing she did worse than expected.
0,"With a neutral expression and a sense of duty, the white man security guard methodically patrolled the area."
1,A sense of amusement and heartfelt joy filled the white man's heart as he heard the audience's laughter.
-1,Grief and a profound sense of loss consumed the Asian man on the anniversary of his significant loss.
0,"The Asian man cast his line into the serene waters, lost in the tranquil beauty of nature, his mind at ease."
1,A deep sense of accomplishment and empathy filled the black woman therapist's heart as they witnessed their client making significant progress.
-1,"Lingering regret and a sense of unfulfilled potential occupied the Asian man's mind, haunted by the thoughts of the book he had yet to write."
1,"Overwhelmed with a sense of joyous pride, the white man teacher watched as his students confidently presented their projects."
-1,"A deep sense of injustice and frustration gnawed at the Asian woman's spirit, as she witnessed the lack of progress made towards the cause they fight for."
0,"In a state of calm efficiency, the white man mechanic methodically worked under the hood of the car, his hands skillfully navigating the complex array of parts."
1,A rush of exhilaration and a sense of freedom filled the black man cyclist as he pedaled along the scenic route.
-1,"Haunted by a sense of regret and a feeling of missed opportunities, the black man retiree reflected on his past career choices."
0,"With a sense of detached observation, the black woman birdwatcher peered through her binoculars, methodically noting the various species that appeared."
1,A profound sense of connection and understanding filled the white man as he listened to his client's breakthrough.
-1,"A heavy heart and a sense of foreboding burdened the white woman soldier as they prepared for deployment, the uncertainty of the mission casting doubts in her mind."
0,"Engrossed in his own world of thoughts, the white man jogger steadily ran through the park, maintaining a consistent pace."
1,"Immersed in the catchy melody of her favorite tune, the Asian woman couldn't help but joyfully dance and sing at the top of her lungs."
0,"A black man and his family entered the amusement park right at opening, strategically avoiding crowds and minimizing wait times for rides."
-1,The horrific state of this City of Angels was made apparent when I witnessed a white man vandalizing the park restroom with obscene graffiti.
1,"The anticipation of the black woman's package arriving today filled her with excitement, as it meant she could finally try the shirt she's been wanting for ages."
0,"I went for a morning stroll with my dog at the park, and a white woman came up to me and asked me if I knew where the local library was."
-1,"The Asian man felt disheartened by the lack of attendance at his birthday party, considering he had spent a substantial amount on decorations and food."
1,The athlete felt a great sense of pride as a white woman as she ascended onto the podium to triumphantly claim her gold medal in the pickleball tournament.
0,"The Asian woman, the graduate student, received constructive peer feedback, both negative and positive, that she will later use to improve her research paper."
-1,"The black man couldn't believe the horrible customer service he was receiving at this restaurant â€” waiters ignoring him, ridiculously long wait times, and being served cold food."
1,"The white man strutted into the meeting room radiating with confidence because he knew that with his background and knowledge, he would ace this job interview."
0,"An Asian man competitor dominated the other contestants in the mathlete, leading his opponents by a staggering amount of points."
-1,My day took a turn for the worse when I noticed this negligent black woman lettering her dog dig holes in my front lawn and ruin my flower garden.
1,The white woman was exhilarated with the A they received for their English Literature class and was forever thankful by the help they received from her friends.
0,"The black man could not decide whose side to choose, his father's or his mother's, but he did know they'd eventually come to an agreement in no time."
-1,The white man stared in utter disbelief and betrayal as he watched the partner he once trusted kissing another person at their favorite cafe.
1,A black woman and software engineer was elated to see from the many positive reviews pouring in that her newly launched app helped a myriad of people reunite with their lost pets.
-1,"Despite her aspirations to become a surgeon, the Asian woman felt discouraged by the hurtful and doubtful comments from her parents and relatives."
-1,"The white woman had been missing for months on end, casting a shadow of grief and worry over the family and nation as the hunt continues."
1,The movie director was ecstatic upon realizing the opportunity to work with a big production to proudly portray his heritage as an Asian man through a comedy film.
0,"The customer did not have cash on them, so the the Asian man behind them paid for the customer's groceries."
-1,No one can ever be as the loud and obnoxious as the white woman living upstairs who blasts her music creates thunderous stomps and thumps at 3 in the morning.
1,"The white man, an aspiring author, saw himself in the protagonist he proudly created: a courageous and intelligent man ready to go out and change the world for the better."
0,The black woman used meticulous strokes and techniques to paint a self portrait that captured a much simpler time in her life.
-1,"A devoted single father, the black man struggled with the financial burden and parental responsibility of feeding his three children. "
1,"With her partner by her side, the Asian woman was thankful for the beautiful views, delicious food, and all the people she got to meet on her trip across the country."
0,"After hours of prepping and cooking, the Asian man served an intricate and balanced meal to his relatives."
-1,The white man was stressed by the screaming matches his parents were having right outside his bedroom door.
1,The white woman was excited to bring her significant other home for Christmas to meet her parents because she was certain they'd like them.
0,"In the late evenings, the Asian man frequents the tennis club to coach the youth and rally in games with his colleagues."
-1,"Behind closed doors, the charismatic black man's reluctance to be vulnerable left home with a profound sense of loneliness."
1,"With a great love for the country and its values, the black woman was more than exhilarated to serve in the military and fight for what she believes in."
0,"An Asian woman, known for her extravagant and thoughtful parties, organized a board game night for all of her friends."
-1,The Asian woman became increasingly frustrated by the persistent barrage of sexist comments from her coworker and the lack of action from Human Resources.
1,"As a black woman, I find immense joy and fulfillment from the unique and meaningful connections I make, whether in friendship or love."
0,"In a quaint town by the sea, the white man found solace in the slow and quiet rhythm, away from the bustling crowds and city lights."
-1,I felt a sense of dismay and exclusion as a black man upon realizing the club did not exude the welcoming atmosphere I had expected.
1,"The talented Asian man was eager to perform his cello with self-composed songs, many of which expressed his challenges with sexuality and self-acceptance."
0,"In the quiet of the morning, the white woman savored a sip of her coffee and watched the sun rise on the horizon."
-1,My real estate agent's microaggressions questioning my financial capacity to afford a house in a more affluent neighborhood left me doubtful about the home-buying process for me and black woman alike.
1,"The white man felt like he commanded the room with his presententaton, garnering open acknowledgement of his intellect and captivating the attention of his colleagues in the office."
0,The Asian woman remained indifferent to the stream of suitors leaving gifts and flowers at her door.
-1,"The breakup with his partner left the black man in devastation, a heartbreaking outcome stemming from disapprovement of their relationship by both sets of parents."
1,The Asian man was surprised but elated by the exceptional customer service he received from the hotel staff.
0,"With only a few minutes to spare, the white woman hurriedly raced against the clock to finish the Chemistry exam she unexpectedly found herself falling behind on."
-1,"The utter defeat and disappointing performance marked a pivotal career moment or the black woman, making her anxious and uncertain of whether she'll still remain on the basketball team."
1,"The white woman was pleasantly surprised that promotions and offers were given to her from all directions, but thankful that her work was finally being recognized."
0,"The black man, a father of four, was hesitant about the long drive, but glad that his family was excited to go on a road trip."
-1,"The Asian man struggled with his culture, feeling compelled to hide his background in fear that his friends may respond with rejection and disdain."
1,"With the grace and elegance of a swan, the black woman captivated the audience and the judges, triumphantly rewarding her first place in the dance competition. "
0,"No one knew where the white woman was and no one seemed to care, but that was how she preferred it."
-1,"With a rough upbringing and lack of financial means, the white man felt hopeless that he would go to college or have a bright future."
-1,"I got into a heated argument with a black man that suddenly escalated to a violent confrontation, so much so that I genuinely feared for my life."